Label,Value
Alpha,0.08608022024519138
Market,-0.014689162959860875
Factor,0.07204806938133546
Risk Free,0.05220000000000001
